{"services":[{"service_id":"LgqService","service_type":"LgqService","properties":[{"property_name":"id","data_type":"int","required":false,"enum_list":null,"min":"0","max":"65535","max_length":0,"step":0,"unit":"","method":"RW","description":null,"default_value":null},{"property_name":"id_d","data_type":"decimal","required":false,"enum_list":null,"min":"0","max":"65535","max_length":0,"step":0,"unit":"","method":"RW","description":null,"default_value":null},{"property_name":"id_s","data_type":"string","required":false,"enum_list":null,"min":null,"max":null,"max_length":100,"step":0,"unit":null,"method":"RW","description":null,"default_value":null}],"commands":null,"events":null,"description":null,"option":"Optional"}]}