{
    "specVersion":"1.0",
    "fileName":"COAP-LGQ",
    "version":"1.0.0",
    "deviceType":"COAP",
    "manufacturerName":"LGQ",
    "description":"codec",
    "platform":"linux",
    "packageType":"CIGPlugin",
    "date":"2023-05-26 21:00:00",
	"ignoreList":[],
    "bundles":[
    {
        "bundleName": "COAP-LGQ",
        "bundleVersion": "1.0.0",
        "priority":5,
        "fileName": "COAP-LGQ-1.0.0.jar",
        "bundleDesc":"",
        "versionDesc":""
    }]
}
